L 395 ,Estimate,Std..Error,t.value,Pr...t..,
L 395 ,(Intercept),128.9894438,120.7438126,1.068290301,0.313204508,1
