A 338 ,Estimate,Std..Error,t.value,Pr...t..,
A 338 ,(Intercept),48.36303184,58.58563879,0.82551002,0.440662388,1
