V 256 ,Estimate,Std..Error,t.value,Pr...t..,
V 256 ,(Intercept),67.39370433,39.11792476,1.722834346,0.112875922,1
V 256 ,credit,0.555903256,0.250479339,2.219357728,0.048419755,1
V 256 ,markets,-0.475472863,0.18741562,-2.536996987,0.027627249,1
V 256 ,fine,-0.343561955,0.140799808,-2.440074021,0.032818409,1
V 256 ,water,0.591130272,0.253794434,2.329169565,0.039927472,1
