A 260 ,Estimate,Std..Error,t.value,Pr...t..,
A 260 (Intercept),237.0694024,135.4487456,1.750251738,0.130645087,1
