BS 73 ,Estimate,Std..Error,t.value,Pr...t..,
BS 73 (Intercept),4.15403709,90.89367507,0.045702158,0.964366785,1
