F 342 ,Estimate,Std..Error,t.value,Pr...t..,
F 342 (Intercept),-12.29052109,28.47436891,-0.431634539,0.66731495,1
F 342 dowjones,-0.32897679,0.145836397,-2.255793456,0.027165911,1
F 342 cancer,-0.241656045,0.109410764,-2.208704491,0.030424268,1
F 342 office,0.34977884,0.170274275,2.054208364,0.043638214,1
F 342 invest,0.560060742,0.144487337,3.87619256,0.000234179,1
F 342 finance,-0.512265898,0.183246439,-2.795502609,0.006660386,1
F 342 success,-0.377825398,0.127505688,-2.96320426,0.004140633,1
F 342 oil,0.141142742,0.067485669,2.091447635,0.040066526,1
F 342 food,0.285839587,0.133272698,2.144772264,0.035394186,1
