H 352 ,Estimate,Std..Error,t.value,Pr...t..,
H 352 (Intercept),22.26201112,18.65432723,1.193396623,0.236686569,1
H 352 dowjones,-0.201290383,0.095541358,-2.106840292,0.038665836,1
H 352 cash,0.104664522,0.043181328,2.423837524,0.017907216,1
H 352 culture,0.399450453,0.128766285,3.102135418,0.002756605,1
H 352 consumption,0.119766133,0.05855488,2.045365515,0.04452563,1
