I 186 ,Estimate,Std..Error,t.value,Pr...t..,
I 186 (Intercept),-324.8569108,149.8268756,-2.168215212,0.162417714,1
