M 360 ,Estimate,Std..Error,t.value,Pr...t..,
M 360 (Intercept),47.19461802,54.09961484,0.872365139,0.385949859,1
