RW 80 ,Estimate,Std..Error,t.value,Pr...t..,
RW 80 (Intercept),27.13135816,35.29300968,0.768745947,0.44459381,1
RW 80 office,0.519087007,0.21104916,2.459554953,0.01634849,1
RW 80 holiday,-0.448455554,0.165164838,-2.715199915,0.008310394,1
RW 80 default,-0.510633123,0.139620966,-3.657281125,0.00048569,1
RW 80 trader,0.449490311,0.133217039,3.374120265,0.001202874,1
RW 80 greed,-0.197930764,0.085284388,-2.320832328,0.023172549,1
