T 261 ,Estimate,Std..Error,t.value,Pr...t..,
T 261 (Intercept),103.6223416,24.89484091,4.162402239,8.72E-05,1
T 261 credit,-0.565004839,0.176209034,-3.206446485,0.002015742,1
T 261 return,0.232767112,0.108183168,2.151601915,0.034831473,1
T 261 gain,0.288534658,0.096235047,2.998228462,0.003741112,1
T 261 culture,0.41047739,0.171843033,2.388676357,0.0195702,1
T 261 politics,0.190620512,0.067774585,2.812566263,0.006351034,1
T 261 fun,-0.266576743,0.115849702,-2.301056795,0.024327848,1
