T 346 ,Estimate,Std..Error,t.value,Pr...t..,
T 346 (Intercept),-6.707040391,21.86509216,-0.306746495,0.759934154,1
T 346 markets,-0.304520797,0.151966558,-2.003867172,0.048900736,1
T 346 default,-0.266835529,0.086499432,-3.084824067,0.002901787,1
T 346 present,0.346280572,0.128530514,2.694150675,0.008800759,1
T 346 lifestyle,-0.093504954,0.045551009,-2.052752629,0.043783245,1
