U 424 ,Estimate,Std..Error,t.value,Pr...t..,
U 424 (Intercept),226.5841108,152.3094581,1.487656208,0.376765865,1
