Z 264 ,Estimate,Std..Error,t.value,Pr...t..,
Z 264 (Intercept),5.616400218,23.34539803,0.240578473,0.810639023,1
Z 264 rich,0.209997179,0.082958465,2.531353235,0.013790362,1
Z 264 default,-0.279763995,0.089601553,-3.122311912,0.002678137,1
